﻿hydro_id,The lake's corresponding Hylak_id in HydroLAKES
lake_name,Lake name for sampling site or lake data
lon,The longitude where the sampling point or lake data is located
lat,The latitude where the sampling point or lake data is located
depth,sampling water depth (m)
lswt,"lake surface water temperature, in the unit of (℃)"
lswt_data_type,"The data type of lswt, RS represents remote sensing data, while in-situ represents measured data"
chla,chlorophyll-a concentration (μg/L)
DO,Dissolved oxygen concentration (mg/L)
tp,total phosphorus concentration (mg/L)
tn,total nitrogen concentration (mg/L)
secchi,secchi depth (m)
lake_area,lake surface area (km2)
lake_elevation,lake bottom elevation (m)
lake_depth,average depth of the lake (m)
country,the country where the lake is located
continent,the continent where the lake is located
date,Sampling date
